"Country or Area","Year","Value","Value Footnotes"
"Albania","2014","13370191506.0031",""
"Albania","2013","12916669735.6928",""
"Albania","2012","12344529628.0617",""
"Albania","2011","12890866742.6533",""
"Albania","2010","11926957254.6288",""
"Albania","2009","12044208085.864",""
"Albania","2008","12881353507.8539",""
"Albania","2007","10701011524.0982",""
"Albania","2006","9132558096.86514",""
"Albania","2005","8376668351.83644",""
"Albania","2004","7464446950.18143",""
"Albania","2003","5652325081.83146",""
"Albania","2002","4449373455.28143",""
"Albania","2001","4091020249.1995",""
"Albania","2000","3686649386.83962",""
"Albania","1999","3434402453.29471",""
"Albania","1998","2727745453.16221",""
"Albania","1997","2196223713.70143",""
"Albania","1996","3013217853.03299",""
"Albania","1995","2424498953.26963",""
"Albania","1994","1985673026.02143",""
"Albania","1993","1228071037.84446",""
"Albania","1992","709452572.338241",""
"Albania","1991","1139166676.01094",""
"Albania","1990","2101624962.5",""
"Albania","1989","2335124987.5",""
"Albania","1988","2126000000",""
"Albania","1987","2156624900",""
"Albania","1986","2173750012.5",""
"Albania","1985","1965384586.2409",""
"Albania","1984","1924242453.00793",""
"Austria","2014","436343622435.169",""
"Austria","2013","428321937480.432",""
"Austria","2012","407575109732.57",""
"Austria","2011","429072838476.508",""
"Austria","2010","389679337748.344",""
"Austria","2009","397594331758.822",""
"Austria","2008","427611542405.156",""
"Austria","2007","386458937859.294",""
"Austria","2006","334309371471.584",""
"Austria","2005","314649048625.793",""
"Austria","2004","299857213806.804",""
"Austria","2003","260721444695.26",""
"Austria","2002","212970732166.384",""
"Austria","2001","196953646532.438",""
"Austria","2000","196421687857.011",""
"Austria","1999","216725229064.564",""
"Austria","1998","217683637172.076",""
"Austria","1997","212323486300.598",""
"Austria","1996","236720561476.475",""
"Austria","1995","240457622492.152",""
"Austria","1994","203044934345.26",""
"Austria","1993","189921093103.04",""
"Austria","1992","194608189331.33",""
"Austria","1991","173375486152.033",""
"Austria","1990","166062326031.708",""
"Austria","1989","132785127405.096",""
"Austria","1988","133018165607.935",""
"Austria","1987","123869286025.25",""
"Austria","1986","98797566471.3835",""
"Austria","1985","69219606278.2655",""
"Austria","1984","67821539096.3483",""
"Austria","1983","71947295848.0159",""
"Austria","1982","71103573445.1884",""
"Austria","1981","70863141524.1058",""
"Austria","1980","81861199744.7352",""
"Austria","1979","73759135357.6943",""
"Austria","1978","61902776461.6697",""
"Austria","1977","51421613520.9391",""
"Austria","1976","42856485387.7426",""
"Austria","1975","39962708382.7131",""
"Austria","1974","35104534746.7609",""
"Austria","1973","29444374165.4368",""
"Austria","1972","22006488481.4572",""
"Austria","1971","17815453243.7493",""
"Austria","1970","15335961894.6811",""
"Austria","1969","13582798556.2404",""
"Austria","1968","12440625312.8685",""
"Austria","1967","11579431668.9165",""
"Austria","1966","10887682273.1014",""
"Austria","1965","9994070615.85997",""
"Austria","1964","9169983885.71185",""
"Austria","1963","8374175257.73075",""
"Austria","1962","7756110210.11966",""
"Austria","1961","7311749633.36229",""
"Austria","1960","6592693841.18495",""
"Belarus","2014","76139250364.5185",""
"Belarus","2013","73097619636.8209",""
"Belarus","2012","63615445566.8483",""
"Belarus","2011","59734593904.6402",""
"Belarus","2010","55220932613.958",""
"Belarus","2009","49208656976.0389",""
"Belarus","2008","60752177438.8895",""
"Belarus","2007","45275747860.6442",""
"Belarus","2006","36961821893.6976",""
"Belarus","2005","30210091836.8294",""
"Belarus","2004","23141587717.7633",""
"Belarus","2003","17825436034.5366",""
"Belarus","2002","14594925392.9691",""
"Belarus","2001","12354820143.8849",""
"Belarus","2000","12736856485.1068",""
"Belarus","1999","12138485328.6267",""
"Belarus","1998","15222014828.3039",""
"Belarus","1997","14128412417.193",""
"Belarus","1996","14756861538.4615",""
"Belarus","1995","13972637603.2102",""
"Belarus","1994","14931599418.4226",""
"Belarus","1993","16280372553.0518",""
"Belarus","1992","17022180272.211",""
"Belarus","1991","17813389815.004",""
"Belarus","1990","17369598958.1159",""
"Belgium","2014","533382785676.064",""
"Belgium","2013","524778837629.771",""
"Belgium","2012","498746230593.886",""
"Belgium","2011","528099805393.383",""
"Belgium","2010","484433112582.781",""
"Belgium","2009","485833564879.133",""
"Belgium","2008","520090815878.131",""
"Belgium","2007","472309061045.716",""
"Belgium","2006","410698783088.697",""
"Belgium","2005","386954358910.583",""
"Belgium","2004","370445741246.586",""
"Belgium","2003","318573363431.151",""
"Belgium","2002","258389798607.19",""
"Belgium","2001","237397762863.535",""
"Belgium","2000","237336465819.053",""
"Belgium","1999","259666524611.123",""
"Belgium","1998","259822182707.268",""
"Belgium","1997","254099007668.02",""
"Belgium","1996","280790879478.827",""
"Belgium","1995","289122879036.672",""
"Belgium","1994","245817096696.407",""
"Belgium","1993","225577891791.045",""
"Belgium","1992","235676160602.258",""
"Belgium","1991","211312935617.247",""
"Belgium","1990","206113954611.299",""
"Belgium","1989","164846642096.642",""
"Belgium","1988","162917388919.364",""
"Belgium","1987","149963587250.135",""
"Belgium","1986","120475979772.44",""
"Belgium","1985","86596915551.3282",""
"Belgium","1984","83667062273.1081",""
"Belgium","1983","87516370808.6785",""
"Belgium","1982","92446759668.0205",""
"Belgium","1981","105128965667.101",""
"Belgium","1980","127312456890.606",""
"Belgium","1979","116758530544.854",""
"Belgium","1978","101632253106.187",""
"Belgium","1977","83155543050.0844",""
"Belgium","1976","71384848484.8485",""
"Belgium","1975","65928375562.1367",""
"Belgium","1974","56246582435.7912",""
"Belgium","1973","47925688263.2995",""
"Belgium","1972","37351205205.7557",""
"Belgium","1971","29935284927.2264",""
"Belgium","1970","26807906413.8766",""
"Belgium","1969","23710735894.7022",""
"Belgium","1968","21376353113.475",""
"Belgium","1967","19992040788.4593",""
"Belgium","1966","18651883472.4808",""
"Belgium","1965","17371457607.9374",""
"Belgium","1964","15960106680.6732",""
"Belgium","1963","14260017387.0492",""
"Belgium","1962","13264015675.3193",""
"Belgium","1961","12400145221.595",""
"Belgium","1960","11658722590.99",""
"Bosnia and Herzegovina","2014","18344278252.6116",""
"Bosnia and Herzegovina","2013","17851326454.4159",""
"Bosnia and Herzegovina","2012","16906005781.1063",""
"Bosnia and Herzegovina","2011","18318439121.4727",""
"Bosnia and Herzegovina","2010","16847493058.8474",""
"Bosnia and Herzegovina","2009","17264893103.2034",""
"Bosnia and Herzegovina","2008","18711890353.5051",""
"Bosnia and Herzegovina","2007","15441062281.3156",""
"Bosnia and Herzegovina","2006","12550175101.0198",""
"Bosnia and Herzegovina","2005","10903626824.2505",""
"Bosnia and Herzegovina","2004","10022840634.9206",""
"Bosnia and Herzegovina","2003","8370020196.19158",""
"Bosnia and Herzegovina","2002","6651226179.01829",""
"Bosnia and Herzegovina","2001","5748990554.79945",""
"Bosnia and Herzegovina","2000","5505984455.95855",""
"Bosnia and Herzegovina","1999","4685729738.56209",""
"Bosnia and Herzegovina","1998","4116699576.17583",""
"Bosnia and Herzegovina","1997","3671816537.75935",""
"Bosnia and Herzegovina","1996","2786045391.91109",""
"Bosnia and Herzegovina","1995","1866572973.11395",""
"Bosnia and Herzegovina","1994","1255802465.43943",""
"Bulgaria","2014","55734676434.6764",""
"Bulgaria","2013","54479873099.8914",""
"Bulgaria","2012","52591569645.2037",""
"Bulgaria","2011","55765057234.2695",""
"Bulgaria","2010","48669060511.7098",""
"Bulgaria","2009","50161403995.166",""
"Bulgaria","2008","53316403410.3657",""
"Bulgaria","2007","43637701889.4332",""
"Bulgaria","2006","33649637657.9234",""
"Bulgaria","2005","29299967875.0211",""
"Bulgaria","2004","25919754936.1945",""
"Bulgaria","2003","21101364344.6644",""
"Bulgaria","2002","16343311506.9812",""
"Bulgaria","2001","14303810794.543",""
"Bulgaria","2000","13353530538.0878",""
"Bulgaria","1999","13659823859.9893",""
"Bulgaria","1998","14631307232.6115",""
"Bulgaria","1997","11195830236.5819",""
"Bulgaria","1996","10110256626.4722",""
"Bulgaria","1995","13069095617.8448",""
"Bulgaria","1994","9704878270.8034",""
"Bulgaria","1993","10831998208.3172",""
"Bulgaria","1992","10371900826.4463",""
"Bulgaria","1991","10943548387.0968",""
"Bulgaria","1990","20726301369.863",""
"Bulgaria","1989","21746813186.8132",""
"Bulgaria","1988","23002459508.0984",""
"Bulgaria","1987","28429027237.3541",""
"Bulgaria","1986","20261212477.9282",""
"Bulgaria","1985","17562122844.8276",""
"Bulgaria","1984","17411159978.0099",""
"Bulgaria","1983","16959385665.529",""
"Bulgaria","1982","19804095563.1399",""
"Bulgaria","1981","20056236481.615",""
"Bulgaria","1980","20039627039.627",""
"Croatia","2014","57222574023.1725",""
"Croatia","2013","57868674297.5337",""
"Croatia","2012","56485308445.7207",""
"Croatia","2011","62236755927.319",""
"Croatia","2010","59665514732.63",""
"Croatia","2009","62636688809.4021",""
"Croatia","2008","70452887537.9939",""
"Croatia","2007","60082020691.5836",""
"Croatia","2006","50436294494.5014",""
"Croatia","2005","45416076680.8707",""
"Croatia","2004","41574530815.5047",""
"Croatia","2003","34658113497.39",""
"Croatia","2002","26878499206.0165",""
"Croatia","2001","23289671102.3197",""
"Croatia","2000","21774273832.1031",""
"Croatia","1999","23386945596.6928",""
"Croatia","1998","25432144406.2043",""
"Croatia","1997","23822087053.2091",""
"Croatia","1996","23678012697.3612",""
"Croatia","1995","22387561845.2244",""
"Cyprus","2014","23226158986.1653",""
"Cyprus","2013","24057251748.5613",""
"Cyprus","2012","24940600822.1062",""
"Cyprus","2011","27089174646.3239",""
"Cyprus","2010","25247424010.9811",""
"Cyprus","2009","25593262400.8645",""
"Cyprus","2008","27493064742.3573",""
"Cyprus","2007","23716042497.1344",""
"Cyprus","2006","19866878478.6748",""
"Cyprus","2005","18270009451.3257",""
"Cyprus","2004","17164625000",""
"Cyprus","2003","14445240090.6002",""
"Cyprus","2002","11345759615.3846",""
"Cyprus","2001","10328979963.5701",""
"Cyprus","2000","9929632422.24317",""
"Cyprus","1999","10443559870.5502",""
"Cyprus","1998","10209966063.3484",""
"Cyprus","1997","9504538198.40365",""
"Cyprus","1996","9989422835.63363",""
"Cyprus","1995","9914864165.58862",""
"Cyprus","1994","7425703928.57143",""
"Cyprus","1993","6590291048.29211",""
"Cyprus","1992","6912150456.32334",""
"Cyprus","1991","5770197348.48485",""
"Cyprus","1990","5591130217.66965",""
"Cyprus","1989","4563482603.5503",""
"Cyprus","1988","4278792597.23965",""
"Cyprus","1987","3704813885.50548",""
"Cyprus","1986","3090734463.27684",""
"Cyprus","1985","2430411900.19194",""
"Cyprus","1984","2278248953.14058",""
"Cyprus","1983","2160364071.19021",""
"Cyprus","1982","2159242416.76942",""
"Cyprus","1981","2087496373.77964",""
"Cyprus","1980","2154311276.94859",""
"Cyprus","1979","1288699035.25043",""
"Cyprus","1978","964024708.074513",""
"Cyprus","1977","734876215.358717",""
"Cyprus","1976","576090015.541753",""
"Cyprus","1975","489912541.50963",""
"Czech Republic","2014","205522871251.355",""
"Czech Republic","2013","208796024645.834",""
"Czech Republic","2012","206751372749.33",""
"Czech Republic","2011","227307455399.273",""
"Czech Republic","2010","207015860050.371",""
"Czech Republic","2009","205729790694.015",""
"Czech Republic","2008","235204812643.146",""
"Czech Republic","2007","188818155388.125",""
"Czech Republic","2006","155213006071.979",""
"Czech Republic","2005","135990215966.674",""
"Czech Republic","2004","118976023159.713",""
"Czech Republic","2003","99300329682.0164",""
"Czech Republic","2002","81696651658.8981",""
"Czech Republic","2001","67375623427.4642",""
"Czech Republic","2000","61474265134.5364",""
"Czech Republic","1999","64719461254.5271",""
"Czech Republic","1998","66372594575.1707",""
"Czech Republic","1997","61621364981.4187",""
"Czech Republic","1996","66775046785.4354",""
"Czech Republic","1995","59537113790.5049",""
"Czech Republic","1994","47364870592.3224",""
"Czech Republic","1993","40452245051.9672",""
"Czech Republic","1992","34451991510.4351",""
"Czech Republic","1991","29557058045.2556",""
"Czech Republic","1990","40315846933.6601",""
"Denmark","2014","341951607730.409",""
"Denmark","2013","335877548363.831",""
"Denmark","2012","322276544469.312",""
"Denmark","2011","341498686832.939",""
"Denmark","2010","319810991980.939",""
"Denmark","2009","319762353336.194",""
"Denmark","2008","352591553716.09",""
"Denmark","2007","319500339842.387",""
"Denmark","2006","282961088316.405",""
"Denmark","2005","264559522419.917",""
"Denmark","2004","251242843551.268",""
"Denmark","2003","218095997085.477",""
"Denmark","2002","178635160297.415",""
"Denmark","2001","164791416350.267",""
"Denmark","2000","164158800460.219",""
"Denmark","1999","177965224620.854",""
"Denmark","1998","176992000955.11",""
"Denmark","1997","173537588008.176",""
"Denmark","1996","187632400365.599",""
"Denmark","1995","185006961302.299",""
"Denmark","1994","156144907713.109",""
"Denmark","1993","142962908126.282",""
"Denmark","1992","152690727456.47",""
"Denmark","1991","138964902681.154",""
"Denmark","1990","138094867983.066",""
"Denmark","1989","111886843041.23",""
"Denmark","1988","115111921562.802",""
"Denmark","1987","109150051898.309",""
"Denmark","1986","87800284266.4689",""
"Denmark","1985","62220603223.7364",""
"Denmark","1984","58673425641.6198",""
"Denmark","1983","60188398031.7113",""
"Denmark","1982","59916302625.8941",""
"Denmark","1981","61376982901.4235",""
"Denmark","1980","70867456839.1916",""
"Denmark","1979","70309789013.4955",""
"Denmark","1978","60281344068.4728",""
"Denmark","1977","49666411247.3348",""
"Denmark","1976","44401703887.5103",""
"Denmark","1975","40251070272.5279",""
"Denmark","1974","33900572609.887",""
"Denmark","1973","30459575171.5018",""
"Denmark","1972","22966370713.5971",""
"Denmark","1971","18823155541.7907",""
"Denmark","1970","16866160000",""
"Denmark","1969","15009384584.5333",""
"Denmark","1968","13196541952",""
"Denmark","1967","12788479692.1939",""
"Denmark","1966","11721248101.0874",""
"Denmark","1965","10678897387.0006",""
"Denmark","1964","9506678762.77765",""
"Denmark","1963","8316692385.77386",""
"Denmark","1962","7812968114.40012",""
"Denmark","1961","6933842098.84548",""
"Denmark","1960","6248946880.2777",""
"Estonia","2014","25904874312.3244",""
"Estonia","2013","24880264958.1187",""
"Estonia","2012","22660728506.5478",""
"Estonia","2011","22802057269.9472",""
"Estonia","2010","19482251655.6291",""
"Estonia","2009","19641844956.9325",""
"Estonia","2008","24184854255.1633",""
"Estonia","2007","22229811114.1528",""
"Estonia","2006","16958976289.0478",""
"Estonia","2005","14003482153.9609",""
"Estonia","2004","12057639751.5528",""
"Estonia","2003","9822154471.54471",""
"Estonia","2002","7308655929.1702",""
"Estonia","2001","6233551159.25163",""
"Estonia","2000","5685524739.70331",""
"Estonia","1999","5715289608.17717",""
"Estonia","1998","5607965290.91111",""
"Estonia","1997","5059174932.37151",""
"Estonia","1996","4739237872.28508",""
"Estonia","1995","4362234461.05429",""
"Finland","2014","270673584161.517",""
"Finland","2013","268196956059.897",""
"Finland","2012","256706466091.089",""
"Finland","2011","273657214345.288",""
"Finland","2010","247814569536.424",""
"Finland","2009","251499027507.641",""
"Finland","2008","283742493042.332",""
"Finland","2007","255384615384.615",""
"Finland","2006","216552502822.732",""
"Finland","2005","204436015420.968",""
"Finland","2004","196768065557.487",""
"Finland","2003","171071106094.808",""
"Finland","2002","139552983248.635",""
"Finland","2001","129250111856.823",""
"Finland","2000","125539893126.958",""
"Finland","1999","135225868314.511",""
"Finland","1998","133936359590.565",""
"Finland","1997","126833123353.568",""
"Finland","1996","132099404607.818",""
"Finland","1995","134199346405.229",""
"Finland","1994","103321570859.419",""
"Finland","1993","89255751014.885",""
"Finland","1992","112625431377.754",""
"Finland","1991","127866490222.026",""
"Finland","1990","141517648888.198",""
"Finland","1989","119064708327.56",""
"Finland","1988","109103056147.832",""
"Finland","1987","91642093872.5822",""
"Finland","1986","73586676049.7302",""
"Finland","1985","55914236377.5902",""
"Finland","1984","52926394934.7052",""
"Finland","1983","51014090520.9223",""
"Finland","1982","52832120389.7866",""
"Finland","1981","52485533204.7396",""
"Finland","1980","53685049410.2646",""
"Finland","1979","44498244542.8179",""
"Finland","1978","36283032490.9747",""
"Finland","1977","33524715951.0108",""
"Finland","1976","31873211263.2713",""
"Finland","1975","29494585421.0441",""
"Finland","1974","24867338900.2678",""
"Finland","1973","19486852341.6835",""
"Finland","1972","14754086607.3989",""
"Finland","1971","12536658141.5175",""
"Finland","1970","11365939977.3499",""
"Finland","1969","10070766720.5011",""
"Finland","1968","8823033880.32993",""
"Finland","1967","9368954010.3132",""
"Finland","1966","9208524504.87684",""
"Finland","1965","8589340019.02985",""
"Finland","1964","7766655085.78588",""
"Finland","1963","6885920328.66187",""
"Finland","1962","6340580854.39073",""
"Finland","1961","5921659485.03284",""
"Finland","1960","5224102195.52771",""
"France","2014","2829192039171.84",""
"France","2013","2810249215589.07",""
"France","2012","2681416108537.39",""
"France","2011","2862502085070.89",""
"France","2010","2646994701986.75",""
"France","2009","2693827452070.02",""
"France","2008","2923465651091.26",""
"France","2007","2663112510265.54",""
"France","2006","2325011918203.49",""
"France","2005","2203678646934.46",""
"France","2004","2124112242364.04",""
"France","2003","1848124153498.87",""
"France","2002","1500337850555.24",""
"France","2001","1382218344519.02",""
"France","2000","1368438363736.87",""
"France","1999","1500275942893.67",""
"France","1998","1510758283299.98",""
"France","1997","1460709148123.17",""
"France","1996","1614245416078.98",""
"France","1995","1609892232882.11",""
"France","1994","1401636342155.01",""
"France","1993","1330094973361.13",""
"France","1992","1408724907063.2",""
"France","1991","1275563306592.26",""
"France","1990","1275300566196.84",""
"France","1989","1030122352457.33",""
"France","1988","1023504019381.13",""
"France","1987","938368438284.405",""
"France","1986","774556302680.178",""
"France","1985","555197109067.017",""
"France","1984","532648802822.187",""
"France","1983","561852138738.274",""
"France","1982","586837009681.605",""
"France","1981","617589619794.81",""
"France","1980","703525302701.025",""
"France","1979","615834104224.484",""
"France","1978","508183139534.884",""
"France","1977","411464295266.114",""
"France","1976","373410270417.919",""
"France","1975","362000917852.226",""
"France","1974","286526186579.378",""
"France","1973","265381555686.506",""
"France","1972","204283485045.514",""
"France","1971","166564460755.298",""
"France","1970","148948860281.091",""
"France","1969","140725497222.277",""
"France","1968","129847107787.883",""
"France","1967","119466139619.589",""
"France","1966","110597467198.645",""
"France","1965","102160571409.274",""
"France","1964","94906593388.3107",""
"France","1963","85551113767.3727",""
"France","1962","76313782251.6964",""
"France","1961","68346741504.4257",""
"France","1960","62651474946.6007",""
"Georgia","2014","16529963187.4044",""
"Georgia","2013","16140047012.1438",""
"Georgia","2012","15846474595.773",""
"Georgia","2011","14434619982.2117",""
"Georgia","2010","11638536834.4274",""
"Georgia","2009","10766836276.5639",""
"Georgia","2008","12795044472.7663",""
"Georgia","2007","10172869679.7366",""
"Georgia","2006","7745406200.85374",""
"Georgia","2005","6410941012.59189",""
"Georgia","2004","5125273880.74998",""
"Georgia","2003","3991374548.50512",""
"Georgia","2002","3395778673.79183",""
"Georgia","2001","3219487824.87911",""
"Georgia","2000","3057453482.55826",""
"Georgia","1999","2800024313.95144",""
"Georgia","1998","3613500117.24928",""
"Georgia","1997","3510540809.24855",""
"Georgia","1996","3094915505.9093",""
"Georgia","1995","2693731865.97036",""
"Georgia","1994","2513870586.73344",""
"Georgia","1993","2701181331.30816",""
"Georgia","1992","3690328963.64086",""
"Georgia","1991","6357615894.03974",""
"Georgia","1990","7772020725.3886",""
"Germany","2014","3852556169656.01",""
"Germany","2013","3730260571356.51",""
"Germany","2012","3533242461467.05",""
"Germany","2011","3751876563803.17",""
"Germany","2010","3412211920529.8",""
"Germany","2009","3412975826618.51",""
"Germany","2008","3746916654460.23",""
"Germany","2007","3435683000273.75",""
"Germany","2006","2998619997490.9",""
"Germany","2005","2857629648053.72",""
"Germany","2004","2815470573628.01",""
"Germany","2003","2502313769751.69",""
"Germany","2002","2076303406738.19",""
"Germany","2001","1947928411633.11",""
"Germany","2000","1947208402432.28",""
"Germany","1999","2196686554442.79",""
"Germany","1998","2239913304434.81",""
"Germany","1997","2215937288517.93",""
"Germany","1996","2501572654016.12",""
"Germany","1995","2590500887129.79",""
"Germany","1994","2205966011811.5",""
"Germany","1993","2068555542410.98",""
"Germany","1992","2123130870381.97",""
"Germany","1991","1861873895109.02",""
"Germany","1990","1764967921559.13",""
"Germany","1989","1393674295225.22",""
"Germany","1988","1395931506849.31",""
"Germany","1987","1293264309031.56",""
"Germany","1986","1042300729532.56",""
"Germany","1985","729763287270.795",""
"Germany","1984","722367603601.127",""
"Germany","1983","767768364611.26",""
"Germany","1982","773638188119.61",""
"Germany","1981","797443444396.365",""
"Germany","1980","946695394878.416",""
"Germany","1979","878010564507.523",""
"Germany","1978","737668354430.38",""
"Germany","1977","598226227575.171",""
"Germany","1976","517787944694.734",""
"Germany","1975","488780189204.229",""
"Germany","1974","443618622930.995",""
"Germany","1973","396866739846.323",""
"Germany","1972","298667239158.437",""
"Germany","1971","249039201472.146",""
"Germany","1970","215021803024.635",""
"Greece","2014","237592274370.978",""
"Greece","2013","242230732091.102",""
"Greece","2012","249524986004.585",""
"Greece","2011","288784959688.629",""
"Greece","2010","299615364238.411",""
"Greece","2009","329856904695.749",""
"Greece","2008","354615643767.394",""
"Greece","2007","318684779633.178",""
"Greece","2006","273278760506.837",""
"Greece","2005","247671558263.898",""
"Greece","2004","239648745964.738",""
"Greece","2003","201547291196.388",""
"Greece","2002","152714285714.286",""
"Greece","2001","136006442953.02",""
"Greece","2000","130580339045.513",""
"Greece","1999","142997762625.186",""
"Greece","1998","144918136746.224",""
"Greece","1997","143310745039.311",""
"Greece","1996","146558465458.664",""
"Greece","1995","137382850419.179",""
"Greece","1994","117031601123.596",""
"Greece","1993","109210166468.49",""
"Greece","1992","116653021094.029",""
"Greece","1991","105530753411.853",""
"Greece","1990","98251934651.7627",""
"Greece","1989","79460973562.736",""
"Greece","1988","76542397309.6325",""
"Greece","1987","65894816305.9889",""
"Greece","1986","56587390457.6436",""
"Greece","1985","47997039230.1999",""
"Greece","1984","48197097944.3773",""
"Greece","1983","49611068111.4551",""
"Greece","1982","54819387755.102",""
"Greece","1981","52539360393.6039",""
"Greece","1980","57039168665.0679",""
"Greece","1979","54682612695.4922",""
"Greece","1978","44433209647.4954",""
"Greece","1977","36309898242.3682",""
"Greece","1976","31267723880.597",""
"Greece","1975","28631243358.1297",""
"Greece","1974","25444318181.8182",""
"Greece","1973","22430379746.8354",""
"Greece","1972","16947727272.7273",""
"Greece","1971","14645454545.4545",""
"Greece","1970","13188636363.6364",""
"Greece","1969","11266091570.5718",""
"Greece","1968","9915140546.35072",""
"Greece","1967","9136711287.82434",""
"Greece","1966","8455611129.27936",""
"Greece","1965","7600579093.1158",""
"Greece","1964","6680298250.57961",""
"Greece","1963","5949478034.88751",""
"Greece","1962","5327573509.09843",""
"Greece","1961","5016048786.22753",""
"Greece","1960","4446528164.67559",""
"Hungary","2014","137103927312.973",""
"Hungary","2013","133423898611.949",""
"Hungary","2012","126824840349.811",""
"Hungary","2011","139439620999.229",""
"Hungary","2010","129583005051.363",""
"Hungary","2009","129359841849.523",""
"Hungary","2008","156578897628.628",""
"Hungary","2007","138580119902.13",""
"Hungary","2006","114238447644.85",""
"Hungary","2005","111890070522.215",""
"Hungary","2004","103156817856.564",""
"Hungary","2003","84738408724.8895",""
"Hungary","2002","67366285759.4768",""
"Hungary","2001","53533393254.505",""
"Hungary","2000","47110416253.8918",""
"Hungary","1999","48965869806.5391",""
"Hungary","1998","48548470549.0699",""
"Hungary","1997","47070176267.4125",""
"Hungary","1996","46448783682.4377",""
"Hungary","1995","46166297227.9951",""
"Hungary","1994","42925508499.2651",""
"Hungary","1993","39900742710.4576",""
"Hungary","1992","38514171471.2516",""
"Hungary","1991","34559392150.9333",""
"Ireland","2014","245920712756.466",""
"Ireland","2013","232077367192.537",""
"Ireland","2012","221965977474.818",""
"Ireland","2011","237756880733.945",""
"Ireland","2010","218448211920.53",""
"Ireland","2009","233556543484.301",""
"Ireland","2008","273722279185.587",""
"Ireland","2007","269297153024.911",""
"Ireland","2006","230534688244.888",""
"Ireland","2005","210363014550.429",""
"Ireland","2004","193034765333.996",""
"Ireland","2003","163476072234.763",""
"Ireland","2002","127215415019.763",""
"Ireland","2001","108455212527.964",""
"Ireland","2000","99317578772.8027",""
"Ireland","1999","98541551246.5374",""
"Ireland","1998","89810362229.4494",""
"Ireland","1997","82654608404.9666",""
"Ireland","1996","75695942540.3226",""
"Ireland","1995","69070833333.3333",""
"Ireland","1994","57040636042.4028",""
"Ireland","1993","52365158739.3883",""
"Ireland","1992","55862655768.4577",""
"Ireland","1991","49737736088.2241",""
"Ireland","1990","49256350136.7722",""
"Ireland","1989","39199240986.7173",""
"Ireland","1988","37735212957.4085",""
"Ireland","1987","33886704119.8502",""
"Ireland","1986","28685883849.0886",""
"Ireland","1985","21248771549.9292",""
"Ireland","1984","20086563086.9046",""
"Ireland","1983","20745326416.7564",""
"Ireland","1982","21453275206.7963",""
"Ireland","1981","20649511978.7045",""
"Ireland","1980","21726169283.0555",""
"Ireland","1979","18301096067.0535",""
"Ireland","1978","14633343400.7853",""
"Ireland","1977","11237120483.5829",""
"Ireland","1976","9444381545.42881",""
"Ireland","1975","9474390243.90244",""
"Ireland","1974","7888970723.62364",""
"Ireland","1973","7473663901.21551",""
"Ireland","1972","6311762391.81747",""
"Ireland","1971","5093139133.76773",""
"Ireland","1970","4391608391.60839",""
"Ireland","1969","3787077343.72783",""
"Ireland","1968","3278584478.33023",""
"Ireland","1967","3343636773.36759",""
"Ireland","1966","3104034393.23162",""
"Ireland","1965","2945704142.99765",""
"Ireland","1964","2766608945.87402",""
"Ireland","1963","2430843768.44553",""
"Ireland","1962","2260349684.08625",""
"Ireland","1961","2088012282.35667",""
"Ireland","1960","1939329775.43739",""
"Italy","2014","2144338185064.6",""
"Italy","2013","2136948255815.56",""
"Italy","2012","2075220966827.97",""
"Italy","2011","2278089102029.47",""
"Italy","2010","2126747549668.87",""
"Italy","2009","2186239372047.79",""
"Italy","2008","2391875494360.63",""
"Italy","2007","2204085546126.47",""
"Italy","2006","1943530297327.81",""
"Italy","2005","1853512498445.47",""
"Italy","2004","1799125900173.83",""
"Italy","2003","1570330474040.63",""
"Italy","2002","1267043290043.29",""
"Italy","2001","1162784608501.12",""
"Italy","2000","1142213746084.39",""
"Italy","1999","1249057425953.55",""
"Italy","1998","1266790342366.45",""
"Italy","1997","1239510459299.68",""
"Italy","1996","1309407328397.54",""
"Italy","1995","1171213954594.08",""
"Italy","1994","1095990033621.52",""
"Italy","1993","1061832041343.67",""
"Italy","1992","1316286410054.99",""
"Italy","1991","1242562041517.09",""
"Italy","1990","1177755332902.39",""
"Italy","1989","925935365509.455",""
"Italy","1988","888991669146.087",""
"Italy","1987","803348072901.105",""
"Italy","1986","638506559293.415",""
"Italy","1985","450890072000.811",""
"Italy","1984","436602270222.614",""
"Italy","1983","441741840897.501",""
"Italy","1982","426018468146.027",""
"Italy","1981","429438596491.228",""
"Italy","1980","475855754013.113",""
"Italy","1979","392521556746.679",""
"Italy","1978","314133470225.873",""
"Italy","1977","256840245775.73",""
"Italy","1976","224057687834.38",""
"Italy","1975","227027580071.174",""
"Italy","1974","198978565049.122",""
"Italy","1973","174976751909.665",""
"Italy","1972","144833665338.645",""
"Italy","1971","124306491885.144",""
"Italy","1970","113062577447.336",""
"Italy","1969","97085082807.3751",""
"Italy","1968","87942231678.3505",""
"Italy","1967","81133120065.4202",""
"Italy","1966","73654870011.2757",""
"Italy","1965","67978153850.5191",""
"Italy","1964","63175417019.0094",""
"Italy","1963","57710743059.8341",""
"Italy","1962","50383891898.9911",""
"Italy","1961","44842760293.1924",""
"Italy","1960","40385288344.1911",""
"Latvia","2014","31920815648.3043",""
"Latvia","2013","30908761928.1663",""
"Latvia","2012","28545148936.0146",""
"Latvia","2011","28319399054.3263",""
"Latvia","2010","23868572608.917",""
"Latvia","2009","26155123307.7532",""
"Latvia","2008","35671103520.7987",""
"Latvia","2007","30945808825.2238",""
"Latvia","2006","21620628835.1178",""
"Latvia","2005","17091424860.948",""
"Latvia","2004","15267165505.2542",""
"Latvia","2003","12884073854.4993",""
"Latvia","2002","11521268953.3349",""
"Latvia","2001","10437907020.8324",""
"Latvia","2000","9872049657.3784",""
"Latvia","1999","8375152961.80407",""
"Latvia","1998","7587546969.39642",""
"Latvia","1997","6928629232.74753",""
"Latvia","1996","5985861104.3123",""
"Latvia","1995","5880992308.44137",""
"Liechtenstein","2012","5487773452.44017",""
"Liechtenstein","2011","5739705822.48169",""
"Liechtenstein","2010","5082338964.87305",""
"Liechtenstein","2009","4504376589.9239",""
"Liechtenstein","2008","5081479840.08716",""
"Liechtenstein","2007","4601430548.88525",""
"Liechtenstein","2006","4000101033.35638",""
"Liechtenstein","2005","3659320086.68296",""
"Liechtenstein","2004","3454374269.99655",""
"Liechtenstein","2003","3070803439.07708",""
"Liechtenstein","2002","2688617884.8748",""
"Liechtenstein","2001","2491800558.77674",""
"Liechtenstein","2000","2483890593.70545",""
"Liechtenstein","1999","2664105901.18863",""
"Liechtenstein","1998","2479698575.81181",""
"Liechtenstein","1997","2298390594.7203",""
"Liechtenstein","1996","2504012993.42238",""
"Liechtenstein","1995","2428524711.5576",""
"Liechtenstein","1994","1948128910.55555",""
"Liechtenstein","1993","1673085618.34241",""
"Liechtenstein","1992","1631176646.65913",""
"Liechtenstein","1991","1484160643.69467",""
"Liechtenstein","1990","1421508878.68916",""
"Liechtenstein","1989","1119983801.21338",""
"Liechtenstein","1988","1161757671.01756",""
"Liechtenstein","1987","1052849228.96599",""
"Liechtenstein","1986","779357945.468369",""
"Liechtenstein","1985","529073612.453579",""
"Liechtenstein","1984","502620921.262611",""
"Liechtenstein","1983","524023707.270791",""
"Liechtenstein","1982","522096760.291094",""
"Liechtenstein","1981","511647836.083225",""
"Liechtenstein","1980","534699257.596935",""
"Liechtenstein","1979","503173104.391887",""
"Liechtenstein","1978","436912067.784287",""
"Liechtenstein","1977","303493119.480763",""
"Liechtenstein","1976","272489336.441571",""
"Liechtenstein","1975","246389070.354396",""
"Liechtenstein","1974","193980464.882101",""
"Liechtenstein","1973","165928864.253967",""
"Liechtenstein","1972","124940289.32382",""
"Liechtenstein","1971","104889791.020374",""
"Liechtenstein","1970","90099360.8433666",""
"Lithuania","2014","48172242517.2682",""
"Lithuania","2013","46403189419.454",""
"Lithuania","2012","42824489650.0372",""
"Lithuania","2011","43485017709.8867",""
"Lithuania","2010","37095840325.3655",""
"Lithuania","2009","37439805732.6892",""
"Lithuania","2008","47851049428.3202",""
"Lithuania","2007","39739117788.5663",""
"Lithuania","2006","30214930514.8138",""
"Lithuania","2005","26126791384.3937",""
"Lithuania","2004","22649483749.3705",""
"Luxembourg","2013","60130847623.6353",""
"Luxembourg","2012","56292381076.328",""
"Luxembourg","2011","58952460383.653",""
"Luxembourg","2010","52146754966.8874",""
"Luxembourg","2009","50144345651.5699",""
"Luxembourg","2008","54961915922.0741",""
"Luxembourg","2007","49210511908.0208",""
"Luxembourg","2006","41781206874.9216",""
"Luxembourg","2005","37024499440.3681",""
"Luxembourg","2004","34207847032.5304",""
"Luxembourg","2003","29095033860.0451",""
"Luxembourg","2002","23285902503.2938",""
"Luxembourg","2001","20998210290.8277",""
"Luxembourg","2000","21303021927.4",""
"Luxembourg","1999","22267739186.0217",""
"Luxembourg","1998","20340186708.1574",""
"Luxembourg","1997","19460306720.7939",""
"Luxembourg","1996","21630488599.3485",""
"Luxembourg","1995","21729611384.7838",""
"Luxembourg","1994","18445864480.3472",""
"Luxembourg","1993","16594916044.7761",""
"Luxembourg","1992","16171016311.1669",""
"Luxembourg","1991","14415711754.2823",""
"Luxembourg","1990","13315910188.3148",""
"Luxembourg","1989","10459561834.5618",""
"Luxembourg","1988","9814042786.61547",""
"Luxembourg","1987","8670664505.67261",""
"Luxembourg","1986","6966588405.27361",""
"Luxembourg","1985","4769617501.18894",""
"Luxembourg","1984","4624965093.54929",""
"Luxembourg","1983","4714398422.09073",""
"Luxembourg","1982","4795779622.10842",""
"Luxembourg","1981","5266079965.23251",""
"Luxembourg","1980","6272865222.78935",""
"Luxembourg","1979","5748899284.53495",""
"Luxembourg","1978","4916869476.11118",""
"Luxembourg","1977","3948564997.18627",""
"Luxembourg","1976","3567502612.3302",""
"Luxembourg","1975","3254579357.24471",""
"Luxembourg","1974","3317419221.20961",""
"Luxembourg","1973","2719623266.40447",""
"Luxembourg","1972","1981669874.43864",""
"Luxembourg","1971","1582583574.08172",""
"Luxembourg","1970","1519080274.30415",""
"Luxembourg","1969","1234878980.502",""
"Luxembourg","1968","1066447130.82052",""
"Luxembourg","1967","974721762.535327",""
"Luxembourg","1966","968440149.470951",""
"Luxembourg","1965","921600736.304026",""
"Luxembourg","1964","903158753.943622",""
"Luxembourg","1963","791140595.772755",""
"Luxembourg","1962","741509480.796284",""
"Luxembourg","1961","704145671.350213",""
"Luxembourg","1960","703925705.942958",""
"Macedonia","2014","11323761623.5387",""
"Macedonia","2013","10767438756.0987",""
"Macedonia","2012","9745261300.57788",""
"Macedonia","2011","10494626767.6445",""
"Macedonia","2010","9407170388.15906",""
"Macedonia","2009","9401736825.42688",""
"Macedonia","2008","9909552356.40453",""
"Macedonia","2007","8336475035.23291",""
"Macedonia","2006","6861227017.95214",""
"Macedonia","2005","6258602830.77182",""
"Macedonia","2004","5682719260.0763",""
"Macedonia","2003","4946296569.03662",""
"Macedonia","2002","4018365767.61679",""
"Macedonia","2001","3709636012.67296",""
"Macedonia","2000","3772851458.60358",""
"Macedonia","1999","3673288164.84831",""
"Macedonia","1998","3571043202.6318",""
"Macedonia","1997","3735312199.57505",""
"Macedonia","1996","4422159847.97232",""
"Macedonia","1995","4449375525.1324",""
"Macedonia","1994","3381270267.20012",""
"Macedonia","1993","2550194959.56258",""
"Macedonia","1992","2316618515.22351",""
"Macedonia","1991","4694744897.95918",""
"Macedonia","1990","4471828621.90813",""
"Monaco","2011","6074884388.58937",""
"Monaco","2010","5350674803.33858",""
"Monaco","2009","5557245122.31576",""
"Monaco","2008","6919241412.09365",""
"Monaco","2007","5974371695.95045",""
"Monaco","2006","4663488363.0977",""
"Monaco","2005","4280072625.97622",""
"Monaco","2004","4110348444.49411",""
"Monaco","2003","3588988600.70294",""
"Monaco","2002","2905973022.1746",""
"Monaco","2001","2671401082.76436",""
"Monaco","2000","2647883820.18625",""
"Monaco","1999","2906009307.6651",""
"Monaco","1998","2934578788.86478",""
"Monaco","1997","2840182191.77105",""
"Monaco","1996","3137848783.08404",""
"Monaco","1995","3130270918.79061",""
"Monaco","1994","2720297738.93904",""
"Monaco","1993","2574439973.17387",""
"Monaco","1992","2737066955.91266",""
"Monaco","1991","2480497547.84881",""
"Monaco","1990","2481316053.85316",""
"Monaco","1989","2010116851.20284",""
"Monaco","1988","2000674667.08261",""
"Monaco","1987","1839095595.25655",""
"Monaco","1986","1515209588.2378",""
"Monaco","1985","1082851076.52158",""
"Monaco","1984","1037314956.25083",""
"Monaco","1983","1092551781.01486",""
"Monaco","1982","1143229071.77943",""
"Monaco","1981","1205166025.51592",""
"Monaco","1980","1378130995.65913",""
"Monaco","1979","1209898293.46372",""
"Monaco","1978","1000535735.38751",""
"Monaco","1977","811250927.388998",""
"Monaco","1976","735339911.935065",""
"Monaco","1975","711922994.225545",""
"Monaco","1974","563939670.704419",""
"Monaco","1973","523552815.119127",""
"Monaco","1972","402460333.237637",""
"Monaco","1971","327651487.962757",""
"Monaco","1970","293073868.023221",""
"Netherlands","2014","869508125480.255",""
"Netherlands","2013","853539351964.458",""
"Netherlands","2012","823139235420.959",""
"Netherlands","2011","893701695857.659",""
"Netherlands","2010","836439735099.338",""
"Netherlands","2009","858085579327.591",""
"Netherlands","2008","931293393877.252",""
"Netherlands","2007","833190528332.877",""
"Netherlands","2006","719412871659.767",""
"Netherlands","2005","672374082825.519",""
"Netherlands","2004","646041718400.795",""
"Netherlands","2003","570917607223.476",""
"Netherlands","2002","464478637304.724",""
"Netherlands","2001","426091275167.785",""
"Netherlands","2000","413396904367.054",""
"Netherlands","1999","439937140421.905",""
"Netherlands","1998","431174183514.774",""
"Netherlands","1997","409785407725.322",""
"Netherlands","1996","442598692810.458",""
"Netherlands","1995","444781773263.794",""
"Netherlands","1994","372826855551.52",""
"Netherlands","1993","347672045562.411",""
"Netherlands","1992","356928320802.005",""
"Netherlands","1991","322055398396.983",""
"Netherlands","1990","313038000726.129",""
"Netherlands","1989","254041670996.571",""
"Netherlands","1988","257556026312.855",""
"Netherlands","1987","240972258485.64",""
"Netherlands","1986","197522576002.878",""
"Netherlands","1985","141454286093.418",""
"Netherlands","1984","141519986263.736",""
"Netherlands","1983","150894293876.921",""
"Netherlands","1982","155844681026.657",""
"Netherlands","1981","161405369601.696",""
"Netherlands","1980","191907559299.49",""
"Netherlands","1979","176682302537.625",""
"Netherlands","1978","153268384599.715",""
"Netherlands","1977","124905180928.437",""
"Netherlands","1976","107353725620.937",""
"Netherlands","1975","98582781456.9536",""
"Netherlands","1974","85792933847.0366",""
"Netherlands","1973","70646460665.3003",""
"Netherlands","1972","53797033781.928",""
"Netherlands","1971","43837969924.812",""
"Netherlands","1970","37530224630.182",""
"Netherlands","1969","31503868835.1853",""
"Netherlands","1968","27817605743.2503",""
"Netherlands","1967","25087562181.3218",""
"Netherlands","1966","22867203317.4022",""
"Netherlands","1965","21000586933.2041",""
"Netherlands","1964","18699380731.3465",""
"Netherlands","1963","15891241386.291",""
"Netherlands","1962","14647057370.1418",""
"Netherlands","1961","13493833739.9949",""
"Netherlands","1960","12276734172.0828",""
"Norway","2014","500103094419.465",""
"Norway","2013","522349106382.979",""
"Norway","2012","509704856037.817",""
"Norway","2011","498157406416.158",""
"Norway","2010","428524701366.599",""
"Norway","2009","386383919342.271",""
"Norway","2008","461946808510.638",""
"Norway","2007","400883873279.083",""
"Norway","2006","345424664369.357",""
"Norway","2005","308722079937.912",""
"Norway","2004","264357494659.388",""
"Norway","2003","228752436371.854",""
"Norway","2002","195418347152.985",""
"Norway","2001","174003247439.305",""
"Norway","2000","171315639982.731",""
"Norway","1999","162286003692.686",""
"Norway","1998","154165219811.533",""
"Norway","1997","161354369892.838",""
"Norway","1996","163517783497.163",""
"Norway","1995","152027402449.804",""
"Norway","1994","127131461119.927",""
"Norway","1993","120579072750.596",""
"Norway","1992","130838040067.584",""
"Norway","1991","121872464483.487",""
"Norway","1990","119791683307.507",""
"Norway","1989","102633789557.535",""
"Norway","1988","101900260856.222",""
"Norway","1987","94230055658.6271",""
"Norway","1986","78693253275.995",""
"Norway","1985","65416879914.3907",""
"Norway","1984","62057955032.7758",""
"Norway","1983","61627240831.0948",""
"Norway","1982","62647195537.6511",""
"Norway","1981","63596654760.8677",""
"Norway","1980","64439382896.0156",""
"Norway","1979","53132244623.9213",""
"Norway","1978","46523091009.6713",""
"Norway","1977","41508030431.1074",""
"Norway","1976","35942270686.3374",""
"Norway","1975","32877805200.023",""
"Norway","1974","27145693810.1341",""
"Norway","1973","22534253702.8686",""
"Norway","1972","17358610849.701",""
"Norway","1971","14583114840.0629",""
"Norway","1970","12814123115.2613",""
"Norway","1969","11063065083.4888",""
"Norway","1968","10159934136.7838",""
"Norway","1967","9514496703.39762",""
"Norway","1966","8696460205.3397",""
"Norway","1965","8058681060.159",""
"Norway","1964","7159202706.48027",""
"Norway","1963","6510239502.76489",""
"Norway","1962","6066976682.67364",""
"Norway","1961","5632460936.54576",""
"Norway","1960","5163271598.15702",""
"Poland","2014","548003360278.967",""
"Poland","2013","526064038473.708",""
"Poland","2012","496205742361.431",""
"Poland","2011","524362764952.072",""
"Poland","2010","476687891752.065",""
"Poland","2009","436476394987.34",""
"Poland","2008","530185123692.512",""
"Poland","2007","428762961089.635",""
"Poland","2006","343261472028.873",""
"Poland","2005","304411705932.047",""
"Poland","2004","253525770715.543",""
"Poland","2003","217514167875.179",""
"Poland","2002","198679176378.605",""
"Poland","2001","190521263343.023",""
"Poland","2000","171886785072.491",""
"Poland","1999","168224897393.821",""
"Poland","1998","173337544225.125",""
"Poland","1997","157550131674.844",""
"Poland","1996","157079211268.128",""
"Poland","1995","139412439030.425",""
"Poland","1994","108678548947.395",""
"Poland","1993","94201159958.9319",""
"Poland","1992","92527771163.9729",""
"Poland","1991","83861124655.3695",""
"Poland","1990","64712371523.2881",""
"Portugal","2014","229583711490.434",""
"Portugal","2013","224912480764.725",""
"Portugal","2012","216368218490.174",""
"Portugal","2011","244879899916.597",""
"Portugal","2010","238317615894.04",""
"Portugal","2009","243745762711.864",""
"Portugal","2008","262007616815.585",""
"Portugal","2007","240169312893.512",""
"Portugal","2006","208566930121.691",""
"Portugal","2005","197304564108.942",""
"Portugal","2004","189187484479.762",""
"Portugal","2003","164964221218.962",""
"Portugal","2002","134228684359.119",""
"Portugal","2001","121545861297.539",""
"Portugal","2000","118358485351.023",""
"Portugal","1999","127465587044.534",""
"Portugal","1998","123981745325.022",""
"Portugal","1997","117046197827.33",""
"Portugal","1996","122629841434.884",""
"Portugal","1995","118133607536.155",""
"Portugal","1994","99698429951.6908",""
"Portugal","1993","95019074928.3132",""
"Portugal","1992","107602762102.762",""
"Portugal","1991","89242403219.0925",""
"Portugal","1990","78721558149.3461",""
"Portugal","1989","60600076394.194",""
"Portugal","1988","56352785515.3203",""
"Portugal","1987","48187704568.0945",""
"Portugal","1986","38749765446.991",""
"Portugal","1985","27118484527.5915",""
"Portugal","1984","25220487537.6609",""
"Portugal","1983","27242309084.3286",""
"Portugal","1982","30530776992.9364",""
"Portugal","1981","31980456026.0586",""
"Portugal","1980","32899879855.827",""
"Portugal","1979","26625409836.0656",""
"Portugal","1978","23489963503.6496",""
"Portugal","1977","21441592456.7837",""
"Portugal","1976","20334880636.6048",""
"Portugal","1975","19349803921.5686",""
"Portugal","1974","17513812154.6961",""
"Portugal","1973","15092395748.1603",""
"Portugal","1972","11240177909.5626",""
"Portugal","1971","9202826855.12368",""
"Portugal","1970","8108786610.87866",""
"Portugal","1969","6969025825.62869",""
"Portugal","1968","6354262628.33537",""
"Portugal","1967","5740241165.63433",""
"Portugal","1966","5135387845.97108",""
"Portugal","1965","4687464054.83455",""
"Portugal","1964","4235608177.67102",""
"Portugal","1963","3905734459.72693",""
"Portugal","1962","3668222357.65702",""
"Portugal","1961","3417516639.37596",""
"Portugal","1960","3193200404.37297",""
"Romania","2014","199043652215.454",""
"Romania","2013","189639111752.156",""
"Romania","2012","169396055590.796",""
"Romania","2011","182611165781.014",""
"Romania","2010","164792252745.524",""
"Romania","2009","164345718689.535",""
"Romania","2008","204335225693.755",""
"Romania","2007","170613460197.679",""
"Romania","2006","122695122819.509",""
"Romania","2005","99172613715.9198",""
"Romania","2004","75794733525.1394",""
"Romania","2003","59466017705.5346",""
"Romania","2002","45988510813.5033",""
"Romania","2001","40585886768.9713",""
"Romania","2000","37305099928.1587",""
"Romania","1999","35592337082.8604",""
"Romania","1998","42115494069.2734",""
"Romania","1997","35285888482.0479",""
"Romania","1996","35333677695.2593",""
"Romania","1995","35477055618.9246",""
"Romania","1994","30072623842.2824",""
"Romania","1993","26361161947.6427",""
"Romania","1992","25090303816.8056",""
"Romania","1991","28846858763.0854",""
"Romania","1990","38299106119.9263",""
"Romania","1989","41450779108.6724",""
"Romania","1988","40424526825.7903",""
"Romania","1987","38067565160.5839",""
"Russian Federation","2014","1860597922763.44","2"
"Russian Federation","2013","2079024782973.32",""
"Russian Federation","2012","2016112133645.48",""
"Russian Federation","2011","1904793932483.16",""
"Russian Federation","2010","1524917468442.01",""
"Russian Federation","2009","1222644282201.86",""
"Russian Federation","2008","1660846387624.78",""
"Russian Federation","2007","1299705764823.62",""
"Russian Federation","2006","989930542278.695",""
"Russian Federation","2005","764015982405.637",""
"Russian Federation","2004","591016690742.798",""
"Russian Federation","2003","430347770731.787",""
"Russian Federation","2002","345110438692.185",""
"Russian Federation","2001","306602673980.117",""
"Russian Federation","2000","259708496267.33",""
"Russian Federation","1999","195905767668.562",""
"Russian Federation","1998","270953116950.026",""
"Russian Federation","1997","404926534140.017",""
"Russian Federation","1996","391721392325.09",""
"Russian Federation","1995","395528488553.378",""
"Russian Federation","1994","395086555459.068",""
"Russian Federation","1993","435060128779.929",""
"Russian Federation","1992","460205424468.694",""
"Russian Federation","1991","509380839121.614",""
"Russian Federation","1990","516815352031.32",""
"Russian Federation","1989","506501427573.832",""
"San Marino","2008","1899879955.48332",""
"San Marino","2007","1687567364.11695",""
"San Marino","2006","1469000145.311",""
"San Marino","2005","1375416604.48689",""
"San Marino","2004","1317357834.61634",""
"San Marino","2003","1122981525.35502",""
"San Marino","2002","879957209.923907",""
"San Marino","2001","815205233.062791",""
"San Marino","2000","773907642.414748",""
"San Marino","1999","853373879.731819",""
"Serbia","2014","43866423166.9368",""
"Serbia","2013","45519650911.4138",""
"Serbia","2012","40742313861.1374",""
"Serbia","2011","46466728666.6103",""
"Serbia","2010","39460357730.5224",""
"Serbia","2009","42616653299.9115",""
"Serbia","2008","49259526052.7426",""
"Serbia","2007","40289556656.1455",""
"Serbia","2006","30607991862.4843",""
"Serbia","2005","26252007830.4639",""
"Serbia","2004","24861483280.6339",""
"Serbia","2003","21188704081.2428",""
"Serbia","2002","16116843146.4806",""
"Serbia","2001","12267175481.2542",""
"Serbia","2000","6540247190.33529",""
"Serbia","1999","18409364146.9794",""
"Serbia","1998","18284194680.3844",""
"Serbia","1997","24147996549.5662",""
"Slovak Republic","2014","99790145652.7711",""
"Slovak Republic","2013","97712677178.6786",""
"Slovak Republic","2012","92747389762.6316",""
"Slovak Republic","2011","97525437864.8874",""
"Slovak Republic","2010","89011920529.8013",""
"Slovak Republic","2009","88634203945.5404",""
"Slovak Republic","2008","99832576534.3489",""
"Slovak Republic","2007","86030933479.332",""
"Slovak Republic","2006","70450257182.2858",""
"Slovak Republic","2005","62676532769.556",""
"Slovak Republic","2004","57329401539.6077",""
"Slovak Republic","2003","46810948081.2641",""
"Slovak Republic","2002","35144739318.6524",""
"Slovak Republic","2001","30699955257.2707",""
"Slovak Republic","2000","29110097659.8489",""
"Slovak Republic","1999","30409013424.2489",""
"Slovak Republic","1998","29821792146.7726",""
"Slovak Republic","1997","27658321060.3829",""
"Slovak Republic","1996","27821926489.2269",""
"Slovak Republic","1995","25733071895.4248",""
"Slovak Republic","1994","20079368845.6519",""
"Slovak Republic","1993","16452213633.1694",""
"Slovak Republic","1992","15431233018.5017",""
"Slovak Republic","1991","14213005315.861",""
"Slovak Republic","1990","12694514982.2245",""
"Slovenia","2014","49416055609.2127",""
"Slovenia","2013","47989855094.5761",""
"Slovenia","2012","46262747033.5585",""
"Slovenia","2011","51248818459.8276",""
"Slovenia","2010","47972980132.4503",""
"Slovenia","2009","50244790219.5054",""
"Slovenia","2008","55589863776.1828",""
"Slovenia","2007","48114700246.3728",""
"Slovenia","2006","39587755614.1011",""
"Slovenia","2005","36346971769.6804",""
"Slovenia","2004","34470229197.8077",""
"Slovenia","2003","29697443017.4708",""
"Slovenia","2002","23563591022.4439",""
"Slovenia","2001","20875419545.9033",""
"Slovenia","2000","20342229875.1614",""
"Slovenia","1999","22690046143.7047",""
"Slovenia","1998","22125504904.7894",""
"Slovenia","1997","20749099639.8559",""
"Slovenia","1996","21479992917.847",""
"Slovenia","1995","21273150020.2184",""
"Spain","2014","1404306536057.92",""
"Spain","2013","1393040177013.68",""
"Spain","2012","1355732589969.33",""
"Spain","2011","1494505143174.87",""
"Spain","2010","1431672847682.12",""
"Spain","2009","1499074742984.16",""
"Spain","2008","1634989014208.29",""
"Spain","2007","1479341637010.68",""
"Spain","2006","1264551499184.54",""
"Spain","2005","1157276458151.97",""
"Spain","2004","1069555500372.49",""
"Spain","2003","906853273137.698",""
"Spain","2002","705145868624.13",""
"Spain","2001","625975838926.175",""
"Spain","2000","595402616546.895",""
"Spain","1999","633194118900.49",""
"Spain","1998","617041986858.225",""
"Spain","1997","588692045454.545",""
"Spain","1996","640998292394.588",""
"Spain","1995","612939685081.398",""
"Spain","1994","529121599801.267",""
"Spain","1993","523649496666.231",""
"Spain","1992","629202340321.794",""
"Spain","1991","575598558847.078",""
"Spain","1990","535101207966.046",""
"Spain","1989","413630498945.889",""
"Spain","1988","375138694472.218",""
"Spain","1987","317882226115.079",""
"Spain","1986","250638469763.574",""
"Spain","1985","180302446183.953",""
"Spain","1984","171635479196.854",""
"Spain","1983","170486890951.276",""
"Spain","1982","195464334393.458",""
"Spain","1981","202256983240.223",""
"Spain","1980","232134601995.823",""
"Spain","1979","214019087754.09",""
"Spain","1978","160163411458.333",""
"Spain","1977","132089594742.607",""
"Spain","1976","118185277294.205",""
"Spain","1975","114465217391.304",""
"Spain","1974","97009806749.351",""
"Spain","1973","78426042261.5648",""
"Spain","1972","58971783587.8851",""
"Spain","1971","46492694610.7784",""
"Spain","1970","40881625861.6591",""
"Spain","1969","36038711599.541",""
"Spain","1968","31475548481.4095",""
"Spain","1967","31647119228.1982",""
"Spain","1966","28721062242.1634",""
"Spain","1965","24756958694.9238",""
"Spain","1964","21343844643.7341",""
"Spain","1963","19074913947.7196",""
"Spain","1962","16138545209.246",""
"Spain","1961","13834300571.4849",""
"Spain","1960","12072126075.397",""
"Sweden","2014","570591266159.776",""
"Sweden","2013","579526008582.065",""
"Sweden","2012","543880647757.404",""
"Sweden","2011","563113421113.421",""
"Sweden","2010","488379327089.837",""
"Sweden","2009","429657033107.737",""
"Sweden","2008","513965650650.119",""
"Sweden","2007","487816328342.309",""
"Sweden","2006","420032121655.688",""
"Sweden","2005","389042298376.845",""
"Sweden","2004","381705425301.746",""
"Sweden","2003","331108912605.271",""
"Sweden","2002","263926220332.543",""
"Sweden","2001","239917320966.977",""
"Sweden","2000","259802012617.057",""
"Sweden","1999","270847937645.236",""
"Sweden","1998","266800462898.904",""
"Sweden","1997","264477727278.681",""
"Sweden","1996","288103936773.039",""
"Sweden","1995","264051981551.316",""
"Sweden","1994","226079963711.768",""
"Sweden","1993","209950792712.696",""
"Sweden","1992","280312321851.712",""
"Sweden","1991","270362529971.062",""
"Sweden","1990","258154288031.358",""
"Sweden","1989","214875350943.864",""
"Sweden","1988","204068253035.644",""
"Sweden","1987","180429294681.724",""
"Sweden","1986","148376101970.914",""
"Sweden","1985","112514452748.172",""
"Sweden","1984","107661669769.579",""
"Sweden","1983","103533708964.276",""
"Sweden","1982","112767850889.759",""
"Sweden","1981","127858415294.071",""
"Sweden","1980","140088637223.378",""
"Sweden","1979","121646707564.554",""
"Sweden","1978","102969768728.56",""
"Sweden","1977","93136781506.6048",""
"Sweden","1976","88102114373.6082",""
"Sweden","1975","81716752564.9054",""
"Sweden","1974","65082578726.855",""
"Sweden","1973","58567375724.1316",""
"Sweden","1972","48263921552.1586",""
"Sweden","1971","40980354669.4239",""
"Sweden","1970","37555362251.6044",""
"Sweden","1969","31649203885.888",""
"Sweden","1968","29143383490.5896",""
"Sweden","1967","27463409201.8822",""
"Sweden","1966","25302033132.3312",""
"Sweden","1965","23260320646.2745",""
"Sweden","1964","21137242560.8543",""
"Sweden","1963","18954132365.5148",""
"Sweden","1962","17511477311.4463",""
"Sweden","1961","16147160122.7882",""
"Sweden","1960","14842870293.4207",""
"Switzerland","2013","685434208916.934",""
"Switzerland","2012","666100605107.064",""
"Switzerland","2011","696311711711.712",""
"Switzerland","2010","581211717326.685",""
"Switzerland","2009","539528260270.196",""
"Switzerland","2008","551546948573.539",""
"Switzerland","2007","477407780739.753",""
"Switzerland","2006","429195565480.938",""
"Switzerland","2005","407535656922.583",""
"Switzerland","2004","393541696823.482",""
"Switzerland","2003","351982624192.47",""
"Switzerland","2002","301127807006.288",""
"Switzerland","2001","278628762739.986",""
"Switzerland","2000","271659699194.694",""
"Switzerland","1999","289884103315.138",""
"Switzerland","1998","294977514139.881",""
"Switzerland","1997","286604010197.754",""
"Switzerland","1996","329619336569.579",""
"Switzerland","1995","341758985200.846",""
"Switzerland","1994","291913796885.282",""
"Switzerland","1993","263690985381.7",""
"Switzerland","1992","271133693642.441",""
"Switzerland","1991","260459902370.99",""
"Switzerland","1990","257420313849.698",""
"Switzerland","1989","201572651140.045",""
"Switzerland","1988","208774003963.644",""
"Switzerland","1987","192981625536.481",""
"Switzerland","1986","154095502807.271",""
"Switzerland","1985","107496235399.455",""
"Switzerland","1984","106019108822.403",""
"Switzerland","1983","111035586680.006",""
"Switzerland","1982","111431758853.371",""
"Switzerland","1981","108721056918.847",""
"Switzerland","1980","118710330011.339",""
"Switzerland","1969","20524886616.4789",""
"Switzerland","1968","18942729779.1",""
"Switzerland","1967","17740013179.26",""
"Switzerland","1966","16480058704.8531",""
"Switzerland","1965","15346741669.7575",""
"Switzerland","1964","14480556571.5476",""
"Switzerland","1963","13063643795.7884",""
"Switzerland","1962","11879982758.5619",""
"Switzerland","1961","10712712465.0522",""
"Switzerland","1960","9522746719.21614",""
"Ukraine","2014","131805126738.287","2"
"Ukraine","2013","183310146378.081",""
"Ukraine","2012","175781379051.433",""
"Ukraine","2011","163159671670.265",""
"Ukraine","2010","136419300367.962",""
"Ukraine","2009","117227769791.56",""
"Ukraine","2008","179992405832.321",""
"Ukraine","2007","142719009900.99",""
"Ukraine","2006","107753069306.931",""
"Ukraine","2005","86141530605.8135",""
"Ukraine","2004","64883060725.7003",""
"Ukraine","2003","50132953288.203",""
"Ukraine","2002","42392896031.2394",""
"Ukraine","2001","38009344576.6088",""
"Ukraine","2000","31261527363.144",""
"Ukraine","1999","31580639053.2013",""
"Ukraine","1998","41883241479.9014",""
"Ukraine","1997","50150399813.1328",""
"Ukraine","1996","44558077827.135",""
"Ukraine","1995","48213868185.1625",""
"Ukraine","1994","52549555009.5044",""
"Ukraine","1993","65648559194.6496",""
"Ukraine","1992","73942294099.2892",""
"Ukraine","1991","77464043753.2963",""
"Ukraine","1990","81456431291.9234",""
"Ukraine","1989","82707004265.9254",""
"Ukraine","1988","74703517902.6642",""
"Ukraine","1987","64087694038.2333",""
"United Kingdom","2014","2941885537461.48",""
"United Kingdom","2013","2678173487557.3",""
"United Kingdom","2012","2614946487602.81",""
"United Kingdom","2011","2592015702611.76",""
"United Kingdom","2010","2407856922126.08",""
"United Kingdom","2009","2308995170587.32",""
"United Kingdom","2008","2791681985294.12",""
"United Kingdom","2007","2963097238895.56",""
"United Kingdom","2006","2582752529898.8",""
"United Kingdom","2005","2412109090909.09",""
"United Kingdom","2004","2298042841450.02",""
"United Kingdom","2003","1943714285714.29",""
"United Kingdom","2002","1674416966426.86",""
"United Kingdom","2001","1529094573197.06",""
"United Kingdom","2000","1548663943107.88",""
"United Kingdom","1999","1558317424364.99",""
"United Kingdom","1998","1529138787678.04",""
"United Kingdom","1997","1438736083824.49",""
"United Kingdom","1996","1304507020280.81",""
"United Kingdom","1995","1235567303140.29",""
"United Kingdom","1994","1140489745944.29",""
"United Kingdom","1993","1061388722255.55",""
"United Kingdom","1992","1179659529659.53",""
"United Kingdom","1991","1142797178130.51",""
"United Kingdom","1990","1093169389204.55",""
"United Kingdom","1989","926884816753.927",""
"United Kingdom","1988","910122732123.799",""
"United Kingdom","1987","745162608269.325",""
"United Kingdom","1986","601452653180.885",""
"United Kingdom","1985","489285164271.047",""
"United Kingdom","1984","461487097632.349",""
"United Kingdom","1983","489618008185.539",""
"United Kingdom","1982","515048916841.37",""
"United Kingdom","1981","540765675241.158",""
"United Kingdom","1980","564947710899.373",""
"United Kingdom","1979","438994070309.191",""
"United Kingdom","1978","335883029721.956",""
"United Kingdom","1977","263066457352.172",""
"United Kingdom","1976","232614555256.065",""
"United Kingdom","1975","241756637168.142",""
"United Kingdom","1974","206131369798.971",""
"United Kingdom","1973","192537971582.558",""
"United Kingdom","1972","169965034965.035",""
"United Kingdom","1971","148113896325.14",""
"United Kingdom","1970","130671946244.3",""
"United Kingdom","1969","112676874821.987",""
"United Kingdom","1968","104702736248.084",""
"United Kingdom","1967","111185383409.521",""
"United Kingdom","1966","107090721447.057",""
"United Kingdom","1965","100595782309.165",""
"United Kingdom","1964","93387598813.9269",""
"United Kingdom","1963","85443766670.4279",""
"United Kingdom","1962","80601939635.2483",""
"United Kingdom","1961","76694360635.9159",""
"United Kingdom","1960","72328047042.1588",""
